{"cameraMode":{"drawMode":0,"name":"Shaded","section":"Shading Mode"},"sceneLighting":false,"audioPlay":false,"sceneViewState":{"showFog":true,"showMaterialUpdate":false,"showSkybox":true,"showFlares":true,"showImageEffects":true,"showParticleSystems":true},"in2DMode":false,"pivot":{"x":369.0146179199219,"y":413.9915771484375,"z":-16.5},"rotation":{"x":0.010433435440063477,"y":-0.11225666850805283,"z":0.0011787386611104012,"w":0.9936237931251526},"size":1353.2894287109375,"orthographic":true}